band,mean_len,seed,real_macro,shuf_macro
2-4,3.5,0,0.4654761904761905,0.4654761904761905
2-4,3.5,1,0.4654761904761905,0.4654761904761905
2-4,3.5,2,0.4636095791178153,0.4636095791178153
5-8,6.4,0,0.5640087109678336,0.5300976800976802
5-8,6.4,1,0.5789694438221026,0.559965147996391
5-8,6.4,2,0.5578523190868357,0.559216375936554
9-48,36.9,0,0.5493679443285923,0.5015115247188913
9-48,36.9,1,0.5632387757593704,0.5037466210655861
9-48,36.9,2,0.5722589986164239,0.5307196653905438
